[
  {
    "id": "7c51ea3b-de47-42a6-bf66-2ed15322b805",
    "data": [
      {
        "text": "waffles",
        "userDefined": false
      }
    ],
    "isTemplate": false,
    "count": 0,
    "lang": "en",
    "updated": 0
  },
  {
    "id": "302eb124-fb25-4ae0-ae96-12f40d4561c4",
    "data": [
      {
        "text": "happy meal",
        "userDefined": false
      }
    ],
    "isTemplate": false,
    "count": 0,
    "lang": "en",
    "updated": 0
  },
  {
    "id": "bd28f52a-8a87-4a4c-aa4e-91488b7f8e16",
    "data": [
      {
        "text": "french fries",
        "userDefined": false
      }
    ],
    "isTemplate": false,
    "count": 0,
    "lang": "en",
    "updated": 0
  },
  {
    "id": "dd482aaf-9bcb-42c0-aa37-1329c6a1bdf0",
    "data": [
      {
        "text": "pasta",
        "userDefined": false
      }
    ],
    "isTemplate": false,
    "count": 0,
    "lang": "en",
    "updated": 0
  },
  {
    "id": "d1a0c20d-03c3-40a9-9de2-a1983330c03b",
    "data": [
      {
        "text": "burger",
        "userDefined": false
      }
    ],
    "isTemplate": false,
    "count": 0,
    "lang": "en",
    "updated": 0
  },
  {
    "id": "f9613b90-a381-4ebb-a5b0-6706f81e3a93",
    "data": [
      {
        "text": "pizza",
        "userDefined": false
      }
    ],
    "isTemplate": false,
    "count": 0,
    "lang": "en",
    "updated": 0
  },
  {
    "id": "af7a0c4f-129d-47fd-9fb6-d7c749bda2ae",
    "data": [
      {
        "text": "samosa",
        "userDefined": false
      }
    ],
    "isTemplate": false,
    "count": 0,
    "lang": "en",
    "updated": 0
  },
  {
    "id": "ffc0e267-7127-49bd-8607-e8c139f2b33a",
    "data": [
      {
        "text": "Loaded Hummus",
        "userDefined": false
      }
    ],
    "isTemplate": false,
    "count": 0,
    "lang": "en",
    "updated": 0
  }
]